{"fooling_rates": [0.3762219548225403, 0.38649842143058777, 0.3863581717014313, 0.39188703894615173, 0.40723156929016113, 0.4287460148334503, 0.4423878490924835, 0.46460339426994324, 0.4902844727039337, 0.5262820720672607, 0.5553085207939148, 0.5660657286643982, 0.5835537314414978, 0.5872596502304077, 0.5892428159713745, 0.5989583730697632, 0.5948517918586731, 0.6013221144676208, 0.5976762771606445, 0.5975561141967773], "q_grid": [1.0, 1.2105263157894737, 1.4210526315789473, 1.631578947368421, 1.8421052631578947, 2.052631578947368, 2.263157894736842, 2.473684210526316, 2.6842105263157894, 2.894736842105263, 3.1052631578947367, 3.3157894736842106, 3.526315789473684, 3.7368421052631575, 3.9473684210526314, 4.157894736842105, 4.368421052631579, 4.578947368421052, 4.789473684210526, 5.0]}