{
    "vgg16": {
        "resnet50": 0.6486378312110901,
        "vgg19": 0.7768429517745972,
        "vgg16": 0.6668870449066162
    },
    "vgg19": {
        "resnet50": 0.5983173251152039,
        "vgg19": 0.7567908763885498,
        "vgg16": 0.6066306233406067
    },
    "resnet50": {
        "resnet50": 0.5481771230697632,
        "vgg19": 0.42005211114883423,
        "vgg16": 0.36468350887298584
    }
}