{
    "ILSVRC2012_val_00030879.JPEG": {
        "prediction": "mountain_bike",
        "class_id": 671,
        "probability": 0.5704043507575989
    },
    "ILSVRC2012_val_00002868.JPEG": {
        "prediction": "brass",
        "class_id": 458,
        "probability": 0.8859332799911499
    },
    "ILSVRC2012_val_00005880.JPEG": {
        "prediction": "knot",
        "class_id": 616,
        "probability": 0.4049037992954254
    },
    "ILSVRC2012_val_00024624.JPEG": {
        "prediction": "beagle",
        "class_id": 162,
        "probability": 0.3614952862262726
    },
    "ILSVRC2012_val_00002441.JPEG": {
        "prediction": "chainlink_fence",
        "class_id": 489,
        "probability": 0.5168626308441162
    },
    "ILSVRC2012_val_00035154.JPEG": {
        "prediction": "sulphur-crested_cockatoo",
        "class_id": 89,
        "probability": 0.2614780068397522
    },
    "ILSVRC2012_val_00000092.JPEG": {
        "prediction": "colobus",
        "class_id": 375,
        "probability": 0.7807638049125671
    },
    "ILSVRC2012_val_00042213.JPEG": {
        "prediction": "Pomeranian",
        "class_id": 259,
        "probability": 0.968252420425415
    },
    "ILSVRC2012_val_00007521.JPEG": {
        "prediction": "comic_book",
        "class_id": 917,
        "probability": 0.5652802586555481
    },
    "ILSVRC2012_val_00033391.JPEG": {
        "prediction": "fire_screen",
        "class_id": 556,
        "probability": 0.5249738693237305
    },
    "ILSVRC2012_val_00043537.JPEG": {
        "prediction": "window_screen",
        "class_id": 904,
        "probability": 0.957696259021759
    },
    "ILSVRC2012_val_00043248.JPEG": {
        "prediction": "chainlink_fence",
        "class_id": 489,
        "probability": 0.47705143690109253
    },
    "ILSVRC2012_val_00035178.JPEG": {
        "prediction": "American_lobster",
        "class_id": 122,
        "probability": 0.7746483683586121
    },
    "ILSVRC2012_val_00030580.JPEG": {
        "prediction": "backpack",
        "class_id": 414,
        "probability": 0.33806779980659485
    },
    "ILSVRC2012_val_00023884.JPEG": {
        "prediction": "Samoyed",
        "class_id": 258,
        "probability": 0.9091780781745911
    },
    "ILSVRC2012_val_00022793.JPEG": {
        "prediction": "carton",
        "class_id": 478,
        "probability": 0.8539624214172363
    }
}