{"fooling_rates": [0.47153446078300476, 0.4944511353969574, 0.5283052921295166, 0.5464543700218201, 0.5488781929016113, 0.5512019395828247, 0.5455929636955261, 0.5582532286643982, 0.5696113705635071, 0.5658653974533081], "batch_grid": [10, 20, 30, 40, 50, 60, 70, 80, 90, 100]}