{
    "ILSVRC2012_val_00030879.JPEG": {
        "prediction": "mountain_bike",
        "class_id": 671,
        "probability": 0.2545444071292877
    },
    "ILSVRC2012_val_00002868.JPEG": {
        "prediction": "brass",
        "class_id": 458,
        "probability": 0.9995393753051758
    },
    "ILSVRC2012_val_00005880.JPEG": {
        "prediction": "boa_constrictor",
        "class_id": 61,
        "probability": 0.22054654359817505
    },
    "ILSVRC2012_val_00024624.JPEG": {
        "prediction": "wire-haired_fox_terrier",
        "class_id": 188,
        "probability": 0.18748067319393158
    },
    "ILSVRC2012_val_00002441.JPEG": {
        "prediction": "running_shoe",
        "class_id": 770,
        "probability": 0.2800150215625763
    },
    "ILSVRC2012_val_00035154.JPEG": {
        "prediction": "fox_squirrel",
        "class_id": 335,
        "probability": 0.13761593401432037
    },
    "ILSVRC2012_val_00000092.JPEG": {
        "prediction": "Madagascar_cat",
        "class_id": 383,
        "probability": 0.5144127011299133
    },
    "ILSVRC2012_val_00042213.JPEG": {
        "prediction": "Pomeranian",
        "class_id": 259,
        "probability": 0.9733771681785583
    },
    "ILSVRC2012_val_00007521.JPEG": {
        "prediction": "book_jacket",
        "class_id": 921,
        "probability": 0.814024806022644
    },
    "ILSVRC2012_val_00033391.JPEG": {
        "prediction": "nematode",
        "class_id": 111,
        "probability": 0.7578728199005127
    },
    "ILSVRC2012_val_00043537.JPEG": {
        "prediction": "wombat",
        "class_id": 106,
        "probability": 0.2948673963546753
    },
    "ILSVRC2012_val_00043248.JPEG": {
        "prediction": "electric_ray",
        "class_id": 5,
        "probability": 0.34845972061157227
    },
    "ILSVRC2012_val_00035178.JPEG": {
        "prediction": "American_lobster",
        "class_id": 122,
        "probability": 0.9091579914093018
    },
    "ILSVRC2012_val_00030580.JPEG": {
        "prediction": "parking_meter",
        "class_id": 704,
        "probability": 0.1955556571483612
    },
    "ILSVRC2012_val_00023884.JPEG": {
        "prediction": "Samoyed",
        "class_id": 258,
        "probability": 0.7589337229728699
    },
    "ILSVRC2012_val_00022793.JPEG": {
        "prediction": "carton",
        "class_id": 478,
        "probability": 0.8311985731124878
    }
}